startstation,endstation,trips
Harry Bridges Plaza (Ferry Building),Embarcadero at Sansome,1330
Townsend at 7th,San Francisco Caltrain (Townsend at 4th),1322
San Francisco Caltrain 2 (330 Townsend),Townsend at 7th,1116
Market at Sansome,2nd at South Park,866
Embarcadero at Sansome,Steuart at Market,811
2nd at South Park,Market at Sansome,798
San Francisco Caltrain (Townsend at 4th),Harry Bridges Plaza (Ferry Building),782
2nd at Townsend,Harry Bridges Plaza (Ferry Building),757
Steuart at Market,Embarcadero at Sansome,717
Harry Bridges Plaza (Ferry Building),2nd at Townsend,710
San Francisco Caltrain (Townsend at 4th),Embarcadero at Folsom,695
Embarcadero at Sansome,Harry Bridges Plaza (Ferry Building),671
Steuart at Market,2nd at Townsend,654
Embarcadero at Folsom,San Francisco Caltrain (Townsend at 4th),647
San Francisco Caltrain (Townsend at 4th),Temporary Transbay Terminal (Howard at Beale),644
Embarcadero at Sansome,Embarcadero at Sansome,636
San Francisco Caltrain (Townsend at 4th),Steuart at Market,609
Harry Bridges Plaza (Ferry Building),San Francisco Caltrain (Townsend at 4th),598
Mountain View Caltrain Station,Mountain View City Hall,592
San Francisco Caltrain (Townsend at 4th),Townsend at 7th,568
Harry Bridges Plaza (Ferry Building),Harry Bridges Plaza (Ferry Building),550
Steuart at Market,San Francisco Caltrain (Townsend at 4th),538
2nd at Folsom,Market at Sansome,537
Temporary Transbay Terminal (Howard at Beale),San Francisco Caltrain (Townsend at 4th),530
San Francisco Caltrain 2 (330 Townsend),Powell Street BART,521
Market at 10th,Market at 4th,516
5th at Howard,San Francisco Caltrain (Townsend at 4th),512
Santa Clara at Almaden,San Jose Diridon Caltrain Station,497
San Francisco Caltrain (Townsend at 4th),Yerba Buena Center of the Arts (3rd @ Howard),495
Mountain View City Hall,Mountain View Caltrain Station,494
Grant Avenue at Columbus Avenue,Market at Sansome,492
Temporary Transbay Terminal (Howard at Beale),2nd at Townsend,487
San Francisco Caltrain 2 (330 Townsend),5th at Howard,484
San Francisco Caltrain (Townsend at 4th),Market at Sansome,480
2nd at Townsend,Steuart at Market,474
Market at Sansome,San Francisco Caltrain (Townsend at 4th),448
Howard at 2nd,San Francisco Caltrain (Townsend at 4th),443
Market at 4th,San Francisco Caltrain (Townsend at 4th),443
2nd at Folsom,San Francisco Caltrain (Townsend at 4th),430
Embarcadero at Bryant,San Francisco Caltrain (Townsend at 4th),430
San Francisco Caltrain (Townsend at 4th),Howard at 2nd,427
Yerba Buena Center of the Arts (3rd @ Howard),San Francisco Caltrain (Townsend at 4th),418
Market at Sansome,Harry Bridges Plaza (Ferry Building),408
San Jose Diridon Caltrain Station,Santa Clara at Almaden,403
Embarcadero at Bryant,Harry Bridges Plaza (Ferry Building),403
Market at 10th,San Francisco Caltrain (Townsend at 4th),401
Powell Street BART,Market at 10th,396
San Francisco Caltrain (Townsend at 4th),Embarcadero at Bryant,394
South Van Ness at Market,Civic Center BART (7th at Market),389
Market at Sansome,Embarcadero at Sansome,379
Powell Street BART,San Francisco Caltrain 2 (330 Townsend),370
Civic Center BART (7th at Market),South Van Ness at Market,367
Market at 4th,Market at 10th,365
Townsend at 7th,Civic Center BART (7th at Market),360
South Van Ness at Market,Market at Sansome,353
2nd at South Park,San Francisco Caltrain (Townsend at 4th),346
San Francisco Caltrain (Townsend at 4th),Spear at Folsom,346
Civic Center BART (7th at Market),Townsend at 7th,345
Temporary Transbay Terminal (Howard at Beale),San Francisco Caltrain 2 (330 Townsend),345
Beale at Market,San Francisco Caltrain (Townsend at 4th),342
Harry Bridges Plaza (Ferry Building),Embarcadero at Vallejo,332
Embarcadero at Bryant,Embarcadero at Sansome,329
Steuart at Market,San Francisco Caltrain 2 (330 Townsend),328
Powell Street BART,San Francisco Caltrain (Townsend at 4th),320
Market at 4th,Harry Bridges Plaza (Ferry Building),319
Spear at Folsom,San Francisco Caltrain (Townsend at 4th),318
Howard at 2nd,2nd at South Park,317
2nd at Townsend,Temporary Transbay Terminal (Howard at Beale),317
Embarcadero at Vallejo,Embarcadero at Sansome,316
Grant Avenue at Columbus Avenue,San Francisco Caltrain (Townsend at 4th),313
Embarcadero at Sansome,Market at 4th,312
Market at 4th,Embarcadero at Sansome,311
San Francisco Caltrain (Townsend at 4th),2nd at Folsom,310
Townsend at 7th,San Francisco Caltrain 2 (330 Townsend),309
San Francisco Caltrain (Townsend at 4th),Embarcadero at Sansome,309
Harry Bridges Plaza (Ferry Building),San Francisco Caltrain 2 (330 Townsend),307
Spear at Folsom,2nd at Townsend,307
San Francisco Caltrain (Townsend at 4th),2nd at Townsend,306
San Jose Diridon Caltrain Station,San Pedro Square,300
Market at Sansome,San Francisco Caltrain 2 (330 Townsend),299
Harry Bridges Plaza (Ferry Building),Market at Sansome,294
Harry Bridges Plaza (Ferry Building),Embarcadero at Bryant,293
Steuart at Market,Embarcadero at Bryant,288
San Francisco Caltrain (Townsend at 4th),2nd at South Park,288
Embarcadero at Sansome,Temporary Transbay Terminal (Howard at Beale),287
South Van Ness at Market,Market at 4th,285
Market at 10th,Powell Street BART,285
Embarcadero at Folsom,San Francisco Caltrain 2 (330 Townsend),284
2nd at Townsend,Embarcadero at Sansome,283
South Van Ness at Market,Powell Street BART,279
Embarcadero at Sansome,San Francisco Caltrain (Townsend at 4th),277
Powell Street BART,South Van Ness at Market,277
2nd at South Park,Harry Bridges Plaza (Ferry Building),274
Townsend at 7th,Harry Bridges Plaza (Ferry Building),274
Market at 4th,2nd at South Park,271
University and Emerson,University and Emerson,269
2nd at Townsend,San Francisco Caltrain (Townsend at 4th),266
Davis at Jackson,San Francisco Caltrain (Townsend at 4th),263
Mechanics Plaza (Market at Battery),Market at 4th,262
Harry Bridges Plaza (Ferry Building),Market at 4th,261
2nd at Townsend,Market at Sansome,258
Market at Sansome,Davis at Jackson,253
San Francisco Caltrain (Townsend at 4th),Davis at Jackson,252
Market at 4th,South Van Ness at Market,252
San Francisco Caltrain (Townsend at 4th),5th at Howard,248
Commercial at Montgomery,Market at Sansome,247
Embarcadero at Folsom,Embarcadero at Sansome,247
South Van Ness at Market,San Francisco Caltrain (Townsend at 4th),245
Temporary Transbay Terminal (Howard at Beale),Townsend at 7th,244
San Francisco Caltrain 2 (330 Townsend),Market at 10th,243
Beale at Market,Embarcadero at Sansome,241
2nd at Folsom,Spear at Folsom,241
Grant Avenue at Columbus Avenue,Embarcadero at Folsom,239
2nd at Folsom,2nd at South Park,238
Temporary Transbay Terminal (Howard at Beale),5th at Howard,238
Temporary Transbay Terminal (Howard at Beale),Embarcadero at Sansome,238
2nd at South Park,Howard at 2nd,236
San Jose Diridon Caltrain Station,Paseo de San Antonio,236
Davis at Jackson,Embarcadero at Sansome,236
Market at Sansome,2nd at Folsom,235
San Francisco Caltrain 2 (330 Townsend),Harry Bridges Plaza (Ferry Building),234
Embarcadero at Sansome,2nd at Townsend,233
Market at Sansome,2nd at Townsend,233
Spear at Folsom,San Francisco Caltrain 2 (330 Townsend),232
Embarcadero at Bryant,Embarcadero at Vallejo,232
San Francisco Caltrain (Townsend at 4th),Market at 4th,232
Golden Gate at Polk,San Francisco Caltrain (Townsend at 4th),231
Townsend at 7th,2nd at Townsend,230
Harry Bridges Plaza (Ferry Building),Townsend at 7th,230
San Pedro Square,San Jose Diridon Caltrain Station,229
Steuart at Market,Spear at Folsom,227
Yerba Buena Center of the Arts (3rd @ Howard),San Francisco Caltrain 2 (330 Townsend),226
Market at Sansome,Grant Avenue at Columbus Avenue,224
Market at 4th,San Francisco Caltrain 2 (330 Townsend),223
Beale at Market,2nd at Townsend,222
Civic Center BART (7th at Market),San Francisco Caltrain (Townsend at 4th),221
Embarcadero at Folsom,2nd at Townsend,221
Commercial at Montgomery,Harry Bridges Plaza (Ferry Building),220
Howard at 2nd,2nd at Townsend,220
2nd at Folsom,2nd at Townsend,219
2nd at Townsend,Howard at 2nd,219
Market at 10th,Market at Sansome,219
2nd at South Park,San Francisco Caltrain 2 (330 Townsend),218
Harry Bridges Plaza (Ferry Building),Commercial at Montgomery,218
2nd at South Park,Temporary Transbay Terminal (Howard at Beale),217
Market at 4th,Market at 4th,216
Civic Center BART (7th at Market),Market at 4th,215
Embarcadero at Vallejo,Harry Bridges Plaza (Ferry Building),214
Market at Sansome,Commercial at Montgomery,214
Powell at Post (Union Square),Howard at 2nd,212
San Francisco Caltrain (Townsend at 4th),Clay at Battery,211
Temporary Transbay Terminal (Howard at Beale),2nd at South Park,211
Embarcadero at Sansome,Market at Sansome,210
Powell Street BART,Civic Center BART (7th at Market),208
Clay at Battery,Temporary Transbay Terminal (Howard at Beale),207
Powell at Post (Union Square),Embarcadero at Sansome,207
San Francisco Caltrain (Townsend at 4th),Mechanics Plaza (Market at Battery),206
Commercial at Montgomery,Powell Street BART,205
Market at 4th,Townsend at 7th,205
Embarcadero at Sansome,Embarcadero at Folsom,204
Powell at Post (Union Square),Powell at Post (Union Square),203
Market at Sansome,Steuart at Market,203
2nd at Townsend,Spear at Folsom,201
Grant Avenue at Columbus Avenue,Mechanics Plaza (Market at Battery),199
Civic Center BART (7th at Market),Market at 10th,199
Embarcadero at Sansome,Embarcadero at Vallejo,198
San Francisco Caltrain (Townsend at 4th),Beale at Market,197
San Jose City Hall,San Salvador at 1st,197
Howard at 2nd,San Francisco Caltrain 2 (330 Townsend),197
Paseo de San Antonio,San Jose Diridon Caltrain Station,196
San Francisco Caltrain (Townsend at 4th),Embarcadero at Vallejo,195
Clay at Battery,San Francisco Caltrain (Townsend at 4th),193
San Francisco Caltrain (Townsend at 4th),Powell Street BART,192
Embarcadero at Sansome,Powell Street BART,192
2nd at South Park,Market at 4th,192
Temporary Transbay Terminal (Howard at Beale),Commercial at Montgomery,191
2nd at Townsend,Embarcadero at Folsom,190
San Salvador at 1st,MLK Library,190
Market at 4th,Steuart at Market,190
Embarcadero at Bryant,Steuart at Market,188
Townsend at 7th,Powell Street BART,188
Temporary Transbay Terminal (Howard at Beale),Clay at Battery,188
Beale at Market,Temporary Transbay Terminal (Howard at Beale),188
Embarcadero at Vallejo,Beale at Market,188
Grant Avenue at Columbus Avenue,Market at 4th,187
Temporary Transbay Terminal (Howard at Beale),Market at 4th,186
Post at Kearney,Washington at Kearney,186
Grant Avenue at Columbus Avenue,Steuart at Market,186
Embarcadero at Vallejo,Embarcadero at Vallejo,185
Embarcadero at Vallejo,Embarcadero at Bryant,184
Powell Street BART,Townsend at 7th,183
2nd at Townsend,2nd at Townsend,183
Embarcadero at Sansome,Beale at Market,182
San Francisco Caltrain 2 (330 Townsend),Market at Sansome,181
2nd at Folsom,San Francisco Caltrain 2 (330 Townsend),181
Adobe on Almaden,San Jose Diridon Caltrain Station,180
Embarcadero at Vallejo,San Francisco Caltrain (Townsend at 4th),180
Market at 10th,Market at 10th,180
2nd at Folsom,Harry Bridges Plaza (Ferry Building),179
Temporary Transbay Terminal (Howard at Beale),Harry Bridges Plaza (Ferry Building),179
Commercial at Montgomery,Davis at Jackson,178
Townsend at 7th,Temporary Transbay Terminal (Howard at Beale),178
Steuart at Market,Howard at 2nd,178
Embarcadero at Sansome,Davis at Jackson,177
Powell Street BART,Market at Sansome,177
Embarcadero at Sansome,Embarcadero at Bryant,177
Spear at Folsom,Harry Bridges Plaza (Ferry Building),176
Commercial at Montgomery,San Francisco Caltrain (Townsend at 4th),176
Embarcadero at Vallejo,Steuart at Market,176
San Jose Diridon Caltrain Station,Adobe on Almaden,175
Embarcadero at Sansome,Mechanics Plaza (Market at Battery),175
Powell at Post (Union Square),San Francisco Caltrain (Townsend at 4th),174
2nd at Townsend,2nd at Folsom,173
Commercial at Montgomery,Market at 4th,171
Embarcadero at Sansome,Spear at Folsom,171
Beale at Market,Embarcadero at Vallejo,170
Temporary Transbay Terminal (Howard at Beale),Embarcadero at Vallejo,169
San Francisco Caltrain 2 (330 Townsend),Steuart at Market,168
Embarcadero at Bryant,Embarcadero at Bryant,168
Powell Street BART,Embarcadero at Sansome,167
Embarcadero at Sansome,Clay at Battery,167
Harry Bridges Plaza (Ferry Building),2nd at South Park,167
2nd at Townsend,Townsend at 7th,167
Market at 10th,Civic Center BART (7th at Market),166
Market at 4th,Civic Center BART (7th at Market),166
Market at 4th,Market at Sansome,164
Mechanics Plaza (Market at Battery),Temporary Transbay Terminal (Howard at Beale),164
Market at Sansome,Market at 4th,164
Howard at 2nd,Steuart at Market,163
Commercial at Montgomery,Embarcadero at Bryant,163
Embarcadero at Folsom,Embarcadero at Bryant,163
Embarcadero at Sansome,Powell at Post (Union Square),162
Harry Bridges Plaza (Ferry Building),Mechanics Plaza (Market at Battery),161
2nd at South Park,Townsend at 7th,161
Embarcadero at Sansome,Grant Avenue at Columbus Avenue,160
Market at Sansome,South Van Ness at Market,160
Market at Sansome,Powell Street BART,159
Mountain View Caltrain Station,Evelyn Park and Ride,159
San Francisco Caltrain (Townsend at 4th),Grant Avenue at Columbus Avenue,158
Embarcadero at Vallejo,2nd at Townsend,158
Grant Avenue at Columbus Avenue,Grant Avenue at Columbus Avenue,158
Post at Kearney,Harry Bridges Plaza (Ferry Building),158
San Francisco Caltrain (Townsend at 4th),Commercial at Montgomery,157
Mechanics Plaza (Market at Battery),Steuart at Market,156
San Francisco Caltrain (Townsend at 4th),Market at 10th,156
Spear at Folsom,2nd at South Park,156
2nd at Townsend,Embarcadero at Vallejo,155
Beale at Market,Spear at Folsom,155
Mechanics Plaza (Market at Battery),Harry Bridges Plaza (Ferry Building),154
Evelyn Park and Ride,Mountain View Caltrain Station,154
2nd at South Park,Post at Kearney,154
Powell at Post (Union Square),Harry Bridges Plaza (Ferry Building),153
Harry Bridges Plaza (Ferry Building),Grant Avenue at Columbus Avenue,153
San Francisco Caltrain (Townsend at 4th),South Van Ness at Market,153
Harry Bridges Plaza (Ferry Building),Powell at Post (Union Square),152
Embarcadero at Bryant,2nd at Townsend,152
Steuart at Market,Embarcadero at Vallejo,152
Market at 4th,Spear at Folsom,151
San Francisco Caltrain 2 (330 Townsend),Howard at 2nd,150
Powell Street BART,Powell Street BART,150
Post at Kearney,Grant Avenue at Columbus Avenue,150
Palo Alto Caltrain Station,Cowper at University,149
2nd at Folsom,Market at 4th,149
Davis at Jackson,Davis at Jackson,149
Clay at Battery,Embarcadero at Sansome,149
Steuart at Market,Steuart at Market,148
Civic Center BART (7th at Market),Embarcadero at Sansome,148
Grant Avenue at Columbus Avenue,Harry Bridges Plaza (Ferry Building),148
Harry Bridges Plaza (Ferry Building),Post at Kearney,148
Harry Bridges Plaza (Ferry Building),Spear at Folsom,148
2nd at South Park,5th at Howard,147
Townsend at 7th,Market at 4th,147
2nd at South Park,2nd at South Park,146
Powell at Post (Union Square),Market at 10th,146
Beale at Market,Commercial at Montgomery,146
Steuart at Market,Market at 4th,144
Temporary Transbay Terminal (Howard at Beale),Market at Sansome,143
Steuart at Market,2nd at South Park,143
Howard at 2nd,Market at Sansome,143
Mechanics Plaza (Market at Battery),Embarcadero at Sansome,143
Harry Bridges Plaza (Ferry Building),Powell Street BART,142
Commercial at Montgomery,Beale at Market,142
Commercial at Montgomery,Temporary Transbay Terminal (Howard at Beale),142
Market at 4th,Temporary Transbay Terminal (Howard at Beale),142
Yerba Buena Center of the Arts (3rd @ Howard),Market at Sansome,142
Embarcadero at Bryant,Townsend at 7th,142
Mechanics Plaza (Market at Battery),Market at 10th,142
Steuart at Market,Mechanics Plaza (Market at Battery),142
Redwood City Caltrain Station,Redwood City Medical Center,141
Civic Center BART (7th at Market),Market at Sansome,141
2nd at Townsend,San Francisco Caltrain 2 (330 Townsend),141
St James Park,San Jose Diridon Caltrain Station,141
Embarcadero at Bryant,San Francisco Caltrain 2 (330 Townsend),140
San Francisco Caltrain (Townsend at 4th),Civic Center BART (7th at Market),140
Market at Sansome,5th at Howard,140
Post at Kearney,2nd at South Park,139
San Jose Diridon Caltrain Station,San Jose City Hall,139
Spear at Folsom,5th at Howard,138
Cowper at University,Palo Alto Caltrain Station,138
Spear at Folsom,2nd at Folsom,137
5th at Howard,Market at Sansome,136
Beale at Market,San Francisco Caltrain 2 (330 Townsend),136
Harry Bridges Plaza (Ferry Building),Temporary Transbay Terminal (Howard at Beale),136
Embarcadero at Bryant,Clay at Battery,136
Mechanics Plaza (Market at Battery),Powell Street BART,135
San Francisco Caltrain 2 (330 Townsend),South Van Ness at Market,134
Market at Sansome,Spear at Folsom,134
Temporary Transbay Terminal (Howard at Beale),Washington at Kearney,134
Embarcadero at Sansome,Civic Center BART (7th at Market),133
Temporary Transbay Terminal (Howard at Beale),Howard at 2nd,133
Grant Avenue at Columbus Avenue,Embarcadero at Sansome,133
Market at 4th,2nd at Folsom,132
San Francisco Caltrain (Townsend at 4th),San Francisco Caltrain (Townsend at 4th),132
Spear at Folsom,Embarcadero at Sansome,132
San Jose City Hall,San Jose Diridon Caltrain Station,132
Market at Sansome,Temporary Transbay Terminal (Howard at Beale),131
Market at Sansome,Market at Sansome,131
San Francisco City Hall,San Francisco Caltrain (Townsend at 4th),131
San Francisco Caltrain (Townsend at 4th),Powell at Post (Union Square),131
2nd at South Park,2nd at Folsom,130
2nd at South Park,Spear at Folsom,130
Spear at Folsom,Yerba Buena Center of the Arts (3rd @ Howard),130
Spear at Folsom,Steuart at Market,130
Grant Avenue at Columbus Avenue,Powell Street BART,130
5th at Howard,San Francisco Caltrain 2 (330 Townsend),129
Embarcadero at Sansome,Howard at 2nd,129
Mountain View Caltrain Station,Mountain View Caltrain Station,129
Temporary Transbay Terminal (Howard at Beale),Market at 10th,129
Grant Avenue at Columbus Avenue,Clay at Battery,128
Market at Sansome,Civic Center BART (7th at Market),128
Embarcadero at Bryant,Mechanics Plaza (Market at Battery),128
5th at Howard,Market at 10th,127
Howard at 2nd,Harry Bridges Plaza (Ferry Building),127
Howard at 2nd,5th at Howard,127
Civic Center BART (7th at Market),Civic Center BART (7th at Market),127
Powell at Post (Union Square),Steuart at Market,127
Mechanics Plaza (Market at Battery),San Francisco Caltrain (Townsend at 4th),127
Civic Center BART (7th at Market),Powell Street BART,127
Market at 4th,Grant Avenue at Columbus Avenue,126
San Francisco Caltrain (Townsend at 4th),Golden Gate at Polk,126
Powell at Post (Union Square),Townsend at 7th,126
2nd at South Park,Yerba Buena Center of the Arts (3rd @ Howard),126
Townsend at 7th,Townsend at 7th,125
Golden Gate at Polk,Market at 4th,125
South Van Ness at Market,2nd at South Park,125
San Francisco Caltrain 2 (330 Townsend),2nd at Folsom,125
Powell Street BART,Harry Bridges Plaza (Ferry Building),125
Townsend at 7th,Golden Gate at Polk,125
Yerba Buena Center of the Arts (3rd @ Howard),Market at 10th,125
San Jose Diridon Caltrain Station,St James Park,124
Temporary Transbay Terminal (Howard at Beale),Yerba Buena Center of the Arts (3rd @ Howard),124
Davis at Jackson,Beale at Market,124
San Francisco Caltrain (Townsend at 4th),Post at Kearney,123
Powell Street BART,San Francisco City Hall,123
2nd at Townsend,Beale at Market,123
Market at 4th,2nd at Townsend,123
Grant Avenue at Columbus Avenue,Spear at Folsom,123
Beale at Market,Harry Bridges Plaza (Ferry Building),123
2nd at South Park,Embarcadero at Vallejo,123
Howard at 2nd,Embarcadero at Sansome,122
Market at 10th,Yerba Buena Center of the Arts (3rd @ Howard),122
Harry Bridges Plaza (Ferry Building),Davis at Jackson,122
Embarcadero at Vallejo,2nd at South Park,122
5th at Howard,5th at Howard,122
Post at Kearney,San Francisco Caltrain (Townsend at 4th),122
Temporary Transbay Terminal (Howard at Beale),Powell Street BART,121
Grant Avenue at Columbus Avenue,Temporary Transbay Terminal (Howard at Beale),121
Beale at Market,Market at 4th,121
Mechanics Plaza (Market at Battery),Civic Center BART (7th at Market),120
Steuart at Market,Grant Avenue at Columbus Avenue,120
Grant Avenue at Columbus Avenue,Beale at Market,120
San Jose Diridon Caltrain Station,MLK Library,120
Davis at Jackson,Market at Sansome,120
Market at 10th,Steuart at Market,119
South Van Ness at Market,Howard at 2nd,119
Post at Kearney,South Van Ness at Market,119
San Francisco City Hall,Townsend at 7th,119
San Francisco City Hall,Market at 4th,119
Grant Avenue at Columbus Avenue,2nd at Folsom,118
San Francisco Caltrain 2 (330 Townsend),Embarcadero at Folsom,118
Santa Clara at Almaden,Arena Green / SAP Center,118
2nd at Folsom,Powell Street BART,118
Townsend at 7th,South Van Ness at Market,118
South Van Ness at Market,Post at Kearney,117
Golden Gate at Polk,Townsend at 7th,117
Townsend at 7th,Beale at Market,117
Clay at Battery,Mechanics Plaza (Market at Battery),117
Embarcadero at Bryant,Embarcadero at Folsom,117
Market at 10th,Mechanics Plaza (Market at Battery),117
2nd at South Park,Steuart at Market,117
South Van Ness at Market,South Van Ness at Market,116
Civic Center BART (7th at Market),Golden Gate at Polk,116
San Francisco Caltrain 2 (330 Townsend),Civic Center BART (7th at Market),116
Yerba Buena Center of the Arts (3rd @ Howard),2nd at South Park,116
Spear at Folsom,Mechanics Plaza (Market at Battery),116
Clay at Battery,Clay at Battery,115
Clay at Battery,Market at 4th,115
Davis at Jackson,Spear at Folsom,114
Post at Kearney,Embarcadero at Sansome,114
2nd at Townsend,Post at Kearney,114
Market at 4th,Beale at Market,114
Embarcadero at Bryant,Commercial at Montgomery,113
Howard at 2nd,South Van Ness at Market,113
Arena Green / SAP Center,Santa Clara at Almaden,113
Market at Sansome,Market at 10th,113
San Francisco Caltrain 2 (330 Townsend),Temporary Transbay Terminal (Howard at Beale),112
Embarcadero at Bryant,Spear at Folsom,112
5th at Howard,South Van Ness at Market,112
Embarcadero at Folsom,Embarcadero at Folsom,111
2nd at Folsom,Temporary Transbay Terminal (Howard at Beale),110
Cowper at University,University and Emerson,110
Embarcadero at Sansome,Commercial at Montgomery,110
Mechanics Plaza (Market at Battery),Davis at Jackson,110
South Van Ness at Market,5th at Howard,110
Clay at Battery,2nd at Townsend,109
Grant Avenue at Columbus Avenue,Powell at Post (Union Square),109
San Francisco Caltrain 2 (330 Townsend),2nd at Townsend,109
Powell at Post (Union Square),Grant Avenue at Columbus Avenue,109
Powell Street BART,2nd at Folsom,109
San Francisco Caltrain 2 (330 Townsend),Yerba Buena Center of the Arts (3rd @ Howard),109
Mechanics Plaza (Market at Battery),Commercial at Montgomery,108
Beale at Market,2nd at South Park,108
San Francisco Caltrain 2 (330 Townsend),Market at 4th,108
Washington at Kearney,Embarcadero at Sansome,108
Market at 10th,Townsend at 7th,107
Howard at 2nd,Market at 4th,107
Embarcadero at Vallejo,Spear at Folsom,107
2nd at Folsom,Clay at Battery,107
Market at 4th,Davis at Jackson,106
Grant Avenue at Columbus Avenue,Post at Kearney,106
2nd at Townsend,Yerba Buena Center of the Arts (3rd @ Howard),105
Spear at Folsom,Market at 4th,105
Market at 4th,Mechanics Plaza (Market at Battery),105
5th at Howard,Spear at Folsom,105
Grant Avenue at Columbus Avenue,Market at 10th,105
SJSU - San Salvador at 9th,San Jose Diridon Caltrain Station,105
Market at Sansome,Clay at Battery,105
5th at Howard,Townsend at 7th,104
Spear at Folsom,Embarcadero at Vallejo,104
Temporary Transbay Terminal (Howard at Beale),Temporary Transbay Terminal (Howard at Beale),104
Howard at 2nd,Embarcadero at Bryant,103
Temporary Transbay Terminal (Howard at Beale),Golden Gate at Polk,103
San Jose Diridon Caltrain Station,Japantown,103
San Jose Diridon Caltrain Station,SJSU - San Salvador at 9th,103
Paseo de San Antonio,Japantown,103
Golden Gate at Polk,Civic Center BART (7th at Market),103
2nd at Folsom,Steuart at Market,102
Spear at Folsom,Spear at Folsom,102
Townsend at 7th,Market at Sansome,102
Howard at 2nd,Powell Street BART,101
Market at 10th,Post at Kearney,101
2nd at Townsend,Embarcadero at Bryant,101
Temporary Transbay Terminal (Howard at Beale),Spear at Folsom,101
Embarcadero at Sansome,San Francisco Caltrain 2 (330 Townsend),100
Golden Gate at Polk,South Van Ness at Market,100
Golden Gate at Polk,Temporary Transbay Terminal (Howard at Beale),100
Embarcadero at Sansome,Washington at Kearney,100
Mountain View Caltrain Station,Castro Street and El Camino Real,100
Powell Street BART,Golden Gate at Polk,100
Beale at Market,Davis at Jackson,100
Grant Avenue at Columbus Avenue,San Francisco Caltrain 2 (330 Townsend),99
2nd at Townsend,Mechanics Plaza (Market at Battery),99
San Francisco City Hall,Powell Street BART,99
Embarcadero at Sansome,Post at Kearney,99
South Van Ness at Market,Townsend at 7th,99
Post at Kearney,Market at 10th,99
Clay at Battery,Harry Bridges Plaza (Ferry Building),99
Yerba Buena Center of the Arts (3rd @ Howard),5th at Howard,99
Steuart at Market,Yerba Buena Center of the Arts (3rd @ Howard),98
Powell Street BART,Temporary Transbay Terminal (Howard at Beale),98
Harry Bridges Plaza (Ferry Building),2nd at Folsom,98
Washington at Kearney,Temporary Transbay Terminal (Howard at Beale),97
Powell Street BART,Commercial at Montgomery,97
2nd at Folsom,Townsend at 7th,97
Powell at Post (Union Square),2nd at South Park,97
Beale at Market,Townsend at 7th,97
Yerba Buena Center of the Arts (3rd @ Howard),Yerba Buena Center of the Arts (3rd @ Howard),97
South Van Ness at Market,Market at 10th,97
Embarcadero at Folsom,Steuart at Market,97
San Francisco Caltrain 2 (330 Townsend),Beale at Market,97
5th at Howard,Temporary Transbay Terminal (Howard at Beale),96
Embarcadero at Folsom,Harry Bridges Plaza (Ferry Building),96
San Francisco City Hall,San Francisco City Hall,96
Townsend at 7th,5th at Howard,96
5th at Howard,Civic Center BART (7th at Market),95
Washington at Kearney,Embarcadero at Folsom,95
Washington at Kearney,Harry Bridges Plaza (Ferry Building),95
Castro Street and El Camino Real,Mountain View Caltrain Station,95
Embarcadero at Sansome,South Van Ness at Market,94
2nd at Folsom,Post at Kearney,94
Yerba Buena Center of the Arts (3rd @ Howard),Harry Bridges Plaza (Ferry Building),94
South Van Ness at Market,Steuart at Market,94
Mountain View Caltrain Station,Rengstorff Avenue / California Street,94
Embarcadero at Folsom,Washington at Kearney,94
Davis at Jackson,Embarcadero at Folsom,94
Steuart at Market,Embarcadero at Folsom,94
Embarcadero at Vallejo,Temporary Transbay Terminal (Howard at Beale),94
Market at Sansome,Yerba Buena Center of the Arts (3rd @ Howard),93
2nd at Folsom,5th at Howard,93
South Van Ness at Market,Embarcadero at Sansome,93
South Van Ness at Market,Mechanics Plaza (Market at Battery),93
Yerba Buena Center of the Arts (3rd @ Howard),Spear at Folsom,93
Post at Kearney,Spear at Folsom,93
Mechanics Plaza (Market at Battery),Spear at Folsom,92
San Francisco Caltrain (Townsend at 4th),San Francisco City Hall,92
Market at 4th,Clay at Battery,92
Market at 10th,Washington at Kearney,92
Commercial at Montgomery,Post at Kearney,92
Harry Bridges Plaza (Ferry Building),Howard at 2nd,92
Harry Bridges Plaza (Ferry Building),5th at Howard,92
2nd at Townsend,Market at 4th,92
Grant Avenue at Columbus Avenue,Davis at Jackson,91
Embarcadero at Sansome,Golden Gate at Polk,91
Market at Sansome,Townsend at 7th,91
Temporary Transbay Terminal (Howard at Beale),Civic Center BART (7th at Market),91
Embarcadero at Folsom,2nd at South Park,91
Rengstorff Avenue / California Street,Mountain View Caltrain Station,90
Japantown,Japantown,90
2nd at Folsom,Grant Avenue at Columbus Avenue,90
Mechanics Plaza (Market at Battery),Embarcadero at Bryant,90
MLK Library,SJSU - San Salvador at 9th,90
Market at 10th,San Francisco Caltrain 2 (330 Townsend),90
Embarcadero at Bryant,Howard at 2nd,90
Market at 4th,Howard at 2nd,90
Clay at Battery,Howard at 2nd,90
Yerba Buena Center of the Arts (3rd @ Howard),Steuart at Market,89
Washington at Kearney,Washington at Kearney,89
Market at 10th,5th at Howard,89
Spear at Folsom,Townsend at 7th,89
Post at Kearney,2nd at Townsend,89
Market at 4th,Embarcadero at Vallejo,89
Market at 10th,South Van Ness at Market,88
Palo Alto Caltrain Station,Palo Alto Caltrain Station,88
Market at 4th,Commercial at Montgomery,88
Powell Street BART,Steuart at Market,88
Embarcadero at Sansome,Yerba Buena Center of the Arts (3rd @ Howard),87
Mechanics Plaza (Market at Battery),Mechanics Plaza (Market at Battery),86
Davis at Jackson,Grant Avenue at Columbus Avenue,86
Harry Bridges Plaza (Ferry Building),Clay at Battery,86
SJSU - San Salvador at 9th,SJSU 4th at San Carlos,85
Steuart at Market,Market at Sansome,85
Temporary Transbay Terminal (Howard at Beale),Embarcadero at Bryant,85
5th at Howard,Market at 4th,85
Howard at 2nd,Howard at 2nd,85
Embarcadero at Vallejo,Market at 4th,85
Commercial at Montgomery,Mechanics Plaza (Market at Battery),85
Market at 10th,Harry Bridges Plaza (Ferry Building),84
Post at Kearney,San Francisco Caltrain 2 (330 Townsend),84
Market at 4th,Washington at Kearney,84
Mechanics Plaza (Market at Battery),South Van Ness at Market,84
5th at Howard,Steuart at Market,84
Market at 10th,Powell at Post (Union Square),84
Market at Sansome,Embarcadero at Vallejo,83
Redwood City Medical Center,Redwood City Caltrain Station,83
Spear at Folsom,Beale at Market,83
2nd at South Park,Powell at Post (Union Square),82
Beale at Market,Embarcadero at Bryant,82
Spear at Folsom,Howard at 2nd,82
Spear at Folsom,Davis at Jackson,82
San Jose Civic Center,San Jose Civic Center,82
Powell at Post (Union Square),Davis at Jackson,82
Mechanics Plaza (Market at Battery),Powell at Post (Union Square),82
Powell at Post (Union Square),Beale at Market,82
5th at Howard,Powell Street BART,82
5th at Howard,Harry Bridges Plaza (Ferry Building),82
Temporary Transbay Terminal (Howard at Beale),Grant Avenue at Columbus Avenue,82
Clay at Battery,Market at Sansome,82
Post at Kearney,2nd at Folsom,81
Palo Alto Caltrain Station,California Ave Caltrain Station,81
Temporary Transbay Terminal (Howard at Beale),2nd at Folsom,81
San Pedro Square,Japantown,81
Townsend at 7th,Post at Kearney,81
Civic Center BART (7th at Market),2nd at South Park,81
San Jose Civic Center,San Jose Diridon Caltrain Station,81
Clay at Battery,Grant Avenue at Columbus Avenue,81
Grant Avenue at Columbus Avenue,2nd at Townsend,81
SJSU 4th at San Carlos,SJSU - San Salvador at 9th,81
San Francisco Caltrain 2 (330 Townsend),Spear at Folsom,81
Embarcadero at Vallejo,Grant Avenue at Columbus Avenue,81
Temporary Transbay Terminal (Howard at Beale),Beale at Market,81
Spear at Folsom,Embarcadero at Bryant,80
Golden Gate at Polk,Embarcadero at Vallejo,80
South Van Ness at Market,Temporary Transbay Terminal (Howard at Beale),80
Harry Bridges Plaza (Ferry Building),Washington at Kearney,80
2nd at South Park,Powell Street BART,80
Steuart at Market,Davis at Jackson,80
Powell at Post (Union Square),2nd at Folsom,79
San Francisco Caltrain 2 (330 Townsend),San Francisco Caltrain 2 (330 Townsend),79
Davis at Jackson,Temporary Transbay Terminal (Howard at Beale),79
Post at Kearney,Steuart at Market,79
San Salvador at 1st,San Jose Diridon Caltrain Station,79
San Antonio Caltrain Station,Rengstorff Avenue / California Street,79
San Francisco Caltrain 2 (330 Townsend),Golden Gate at Polk,79
Clay at Battery,Powell Street BART,79
Temporary Transbay Terminal (Howard at Beale),South Van Ness at Market,78
Temporary Transbay Terminal (Howard at Beale),Mechanics Plaza (Market at Battery),78
Clay at Battery,Powell at Post (Union Square),78
Market at Sansome,Embarcadero at Bryant,78
Howard at 2nd,Townsend at 7th,78
Commercial at Montgomery,Commercial at Montgomery,78
2nd at South Park,2nd at Townsend,77
Civic Center BART (7th at Market),Clay at Battery,77
Commercial at Montgomery,Embarcadero at Sansome,77
Santa Clara at Almaden,SJSU 4th at San Carlos,77
Davis at Jackson,Powell Street BART,77
2nd at Folsom,Howard at 2nd,77
Civic Center BART (7th at Market),Steuart at Market,77
5th at Howard,2nd at South Park,76
Davis at Jackson,Market at 4th,76
Washington at Kearney,Market at 10th,76
Embarcadero at Folsom,Howard at 2nd,76
Powell at Post (Union Square),San Francisco Caltrain 2 (330 Townsend),75
Redwood City Caltrain Station,Redwood City Public Library,75
2nd at Townsend,2nd at South Park,75
Townsend at 7th,Market at 10th,75
Embarcadero at Bryant,Market at Sansome,75
Harry Bridges Plaza (Ferry Building),Yerba Buena Center of the Arts (3rd @ Howard),75
Civic Center BART (7th at Market),5th at Howard,74
2nd at South Park,Washington at Kearney,74
San Francisco City Hall,Post at Kearney,74
Davis at Jackson,Howard at 2nd,74
2nd at Folsom,2nd at Folsom,74
San Jose Diridon Caltrain Station,San Jose Civic Center,74
San Jose City Hall,MLK Library,74
Embarcadero at Folsom,Mechanics Plaza (Market at Battery),74
Market at Sansome,Beale at Market,73
San Francisco City Hall,South Van Ness at Market,73
Powell at Post (Union Square),Mechanics Plaza (Market at Battery),73
California Ave Caltrain Station,University and Emerson,73
Market at 4th,Golden Gate at Polk,73
Commercial at Montgomery,Howard at 2nd,73
Golden Gate at Polk,Post at Kearney,73
San Jose Diridon Caltrain Station,San Salvador at 1st,72
California Ave Caltrain Station,California Ave Caltrain Station,72
Beale at Market,Beale at Market,72
Powell Street BART,5th at Howard,72
Davis at Jackson,Mechanics Plaza (Market at Battery),72
2nd at Townsend,Clay at Battery,72
Golden Gate at Polk,Powell Street BART,72
Grant Avenue at Columbus Avenue,South Van Ness at Market,72
Powell at Post (Union Square),Market at Sansome,72
South Van Ness at Market,Golden Gate at Polk,71
Washington at Kearney,Powell Street BART,71
Market at 10th,2nd at South Park,71
Mechanics Plaza (Market at Battery),Washington at Kearney,71
Civic Center BART (7th at Market),Harry Bridges Plaza (Ferry Building),71
Howard at 2nd,Powell at Post (Union Square),71
Steuart at Market,Powell at Post (Union Square),71
South Van Ness at Market,San Francisco Caltrain 2 (330 Townsend),71
Post at Kearney,Powell Street BART,71
Beale at Market,Powell Street BART,71
Temporary Transbay Terminal (Howard at Beale),Post at Kearney,70
Market at Sansome,Embarcadero at Folsom,70
Powell Street BART,Market at 4th,70
Golden Gate at Polk,Steuart at Market,70
Davis at Jackson,2nd at Townsend,70
2nd at Folsom,Civic Center BART (7th at Market),70
Steuart at Market,Powell Street BART,69
South Van Ness at Market,Commercial at Montgomery,69
Palo Alto Caltrain Station,Park at Olive,69
Yerba Buena Center of the Arts (3rd @ Howard),Grant Avenue at Columbus Avenue,69
2nd at South Park,Beale at Market,69
San Jose Diridon Caltrain Station,San Jose Diridon Caltrain Station,69
Temporary Transbay Terminal (Howard at Beale),Davis at Jackson,68
Spear at Folsom,Commercial at Montgomery,68
5th at Howard,Commercial at Montgomery,68
Paseo de San Antonio,SJSU - San Salvador at 9th,68
Paseo de San Antonio,San Salvador at 1st,68
Japantown,San Pedro Square,68
Spear at Folsom,Post at Kearney,68
Post at Kearney,Temporary Transbay Terminal (Howard at Beale),68
Clay at Battery,Civic Center BART (7th at Market),68
2nd at South Park,Embarcadero at Folsom,67
Powell at Post (Union Square),Civic Center BART (7th at Market),67
Townsend at 7th,2nd at South Park,67
San Jose City Hall,San Jose City Hall,67
Mechanics Plaza (Market at Battery),2nd at Townsend,67
Washington at Kearney,Market at Sansome,67
2nd at South Park,Market at 10th,67
California Ave Caltrain Station,Palo Alto Caltrain Station,67
Spear at Folsom,Temporary Transbay Terminal (Howard at Beale),66
Commercial at Montgomery,Grant Avenue at Columbus Avenue,66
Civic Center BART (7th at Market),Temporary Transbay Terminal (Howard at Beale),66
Arena Green / SAP Center,Arena Green / SAP Center,66
Spear at Folsom,Grant Avenue at Columbus Avenue,66
Davis at Jackson,Commercial at Montgomery,66
Post at Kearney,Howard at 2nd,66
Grant Avenue at Columbus Avenue,Commercial at Montgomery,66
Howard at 2nd,Clay at Battery,66
Mechanics Plaza (Market at Battery),5th at Howard,66
Arena Green / SAP Center,San Pedro Square,66
Mechanics Plaza (Market at Battery),San Francisco Caltrain 2 (330 Townsend),66
Steuart at Market,Townsend at 7th,65
SJSU - San Salvador at 9th,Paseo de San Antonio,65
Townsend at 7th,Embarcadero at Bryant,65
Spear at Folsom,Market at Sansome,65
Embarcadero at Folsom,Townsend at 7th,65
Powell Street BART,Embarcadero at Vallejo,64
2nd at Folsom,Embarcadero at Sansome,64
Howard at 2nd,Spear at Folsom,64
South Van Ness at Market,2nd at Townsend,64
Embarcadero at Folsom,Yerba Buena Center of the Arts (3rd @ Howard),64
Market at 4th,5th at Howard,64
Beale at Market,Grant Avenue at Columbus Avenue,63
Commercial at Montgomery,5th at Howard,63
Golden Gate at Polk,Market at Sansome,63
Spear at Folsom,Powell Street BART,63
Davis at Jackson,Powell at Post (Union Square),63
5th at Howard,2nd at Folsom,63
Market at 4th,Powell Street BART,63
MLK Library,MLK Library,62
Davis at Jackson,Harry Bridges Plaza (Ferry Building),62
Post at Kearney,Commercial at Montgomery,62
South Van Ness at Market,Spear at Folsom,62
Davis at Jackson,San Francisco Caltrain 2 (330 Townsend),62
Steuart at Market,Market at 10th,62
Yerba Buena Center of the Arts (3rd @ Howard),2nd at Townsend,62
Yerba Buena Center of the Arts (3rd @ Howard),South Van Ness at Market,61
Clay at Battery,Embarcadero at Folsom,61
Commercial at Montgomery,Powell at Post (Union Square),61
Beale at Market,Howard at 2nd,61
Golden Gate at Polk,Golden Gate at Polk,61
Powell Street BART,Grant Avenue at Columbus Avenue,61
San Pedro Square,San Pedro Square,61
San Francisco Caltrain 2 (330 Townsend),Mechanics Plaza (Market at Battery),61
Embarcadero at Folsom,Embarcadero at Vallejo,61
2nd at South Park,South Van Ness at Market,61
San Francisco Caltrain 2 (330 Townsend),Post at Kearney,61
Howard at 2nd,Post at Kearney,60
MLK Library,San Jose Diridon Caltrain Station,60
Mountain View City Hall,Mountain View City Hall,60
2nd at Folsom,Embarcadero at Bryant,60
Civic Center BART (7th at Market),Powell at Post (Union Square),60
MLK Library,Japantown,60
Civic Center BART (7th at Market),2nd at Folsom,60
San Francisco Caltrain 2 (330 Townsend),2nd at South Park,60
San Salvador at 1st,San Salvador at 1st,60
Commercial at Montgomery,Spear at Folsom,60
Mechanics Plaza (Market at Battery),Grant Avenue at Columbus Avenue,60
Steuart at Market,Civic Center BART (7th at Market),59
Clay at Battery,Embarcadero at Bryant,59
Post at Kearney,Post at Kearney,59
SJSU 4th at San Carlos,Santa Clara at Almaden,59
Steuart at Market,Temporary Transbay Terminal (Howard at Beale),59
2nd at Townsend,South Van Ness at Market,59
2nd at Folsom,Yerba Buena Center of the Arts (3rd @ Howard),59
San Antonio Shopping Center,San Antonio Caltrain Station,59
South Van Ness at Market,Harry Bridges Plaza (Ferry Building),58
Commercial at Montgomery,Embarcadero at Folsom,58
Embarcadero at Folsom,Davis at Jackson,58
Washington at Kearney,Beale at Market,58
Civic Center BART (7th at Market),San Francisco City Hall,58
Grant Avenue at Columbus Avenue,2nd at South Park,58
Post at Kearney,5th at Howard,58
Embarcadero at Sansome,5th at Howard,58
Yerba Buena Center of the Arts (3rd @ Howard),Embarcadero at Sansome,58
San Pedro Square,Paseo de San Antonio,58
Post at Kearney,Golden Gate at Polk,58
Mechanics Plaza (Market at Battery),Embarcadero at Folsom,57
Embarcadero at Bryant,Davis at Jackson,57
Powell at Post (Union Square),Powell Street BART,57
Howard at 2nd,Yerba Buena Center of the Arts (3rd @ Howard),57
Market at 10th,Grant Avenue at Columbus Avenue,57
SJSU - San Salvador at 9th,MLK Library,56
San Francisco City Hall,Market at Sansome,56
5th at Howard,Embarcadero at Sansome,56
San Jose City Hall,Paseo de San Antonio,56
Powell Street BART,Post at Kearney,56
Clay at Battery,Spear at Folsom,56
Redwood City Caltrain Station,Franklin at Maple,56
Market at 4th,Embarcadero at Bryant,56
Yerba Buena Center of the Arts (3rd @ Howard),Temporary Transbay Terminal (Howard at Beale),56
Harry Bridges Plaza (Ferry Building),South Van Ness at Market,56
Commercial at Montgomery,Yerba Buena Center of the Arts (3rd @ Howard),56
Grant Avenue at Columbus Avenue,Yerba Buena Center of the Arts (3rd @ Howard),56
Market at 10th,Beale at Market,56
St James Park,San Pedro Square,55
Embarcadero at Bryant,Temporary Transbay Terminal (Howard at Beale),55
Powell at Post (Union Square),Washington at Kearney,55
Harry Bridges Plaza (Ferry Building),Beale at Market,55
San Francisco Caltrain 2 (330 Townsend),Embarcadero at Sansome,55
Townsend at 7th,Powell at Post (Union Square),55
Post at Kearney,Townsend at 7th,55
Beale at Market,Embarcadero at Folsom,55
Golden Gate at Polk,Yerba Buena Center of the Arts (3rd @ Howard),55
Yerba Buena Center of the Arts (3rd @ Howard),Townsend at 7th,55
Spear at Folsom,Clay at Battery,55
Powell at Post (Union Square),Post at Kearney,55
Japantown,Paseo de San Antonio,54
Harry Bridges Plaza (Ferry Building),Embarcadero at Folsom,54
Embarcadero at Bryant,Yerba Buena Center of the Arts (3rd @ Howard),54
Post at Kearney,San Francisco City Hall,54
Clay at Battery,San Francisco Caltrain 2 (330 Townsend),54
Harry Bridges Plaza (Ferry Building),San Francisco City Hall,54
Embarcadero at Vallejo,Powell Street BART,54
Market at 10th,2nd at Townsend,54
Powell Street BART,Clay at Battery,54
Rengstorff Avenue / California Street,Rengstorff Avenue / California Street,54
Townsend at 7th,Spear at Folsom,53
Howard at 2nd,Grant Avenue at Columbus Avenue,53
Clay at Battery,2nd at Folsom,53
Market at 4th,San Francisco City Hall,53
Market at Sansome,Powell at Post (Union Square),53
2nd at Townsend,Powell at Post (Union Square),53
Embarcadero at Vallejo,Powell at Post (Union Square),53
Civic Center BART (7th at Market),Embarcadero at Vallejo,53
Paseo de San Antonio,MLK Library,53
Embarcadero at Folsom,Market at 4th,53
Powell at Post (Union Square),Golden Gate at Polk,53
Powell at Post (Union Square),Market at 4th,52
Market at 10th,Temporary Transbay Terminal (Howard at Beale),52
Commercial at Montgomery,2nd at South Park,52
Grant Avenue at Columbus Avenue,Howard at 2nd,52
Harry Bridges Plaza (Ferry Building),Civic Center BART (7th at Market),52
Clay at Battery,Beale at Market,52
Yerba Buena Center of the Arts (3rd @ Howard),Embarcadero at Folsom,52
Embarcadero at Vallejo,Mechanics Plaza (Market at Battery),52
Market at 10th,Howard at 2nd,52
Powell Street BART,Howard at 2nd,52
Grant Avenue at Columbus Avenue,Civic Center BART (7th at Market),52
5th at Howard,Mechanics Plaza (Market at Battery),52
Washington at Kearney,San Francisco Caltrain 2 (330 Townsend),51
Powell at Post (Union Square),Clay at Battery,51
Embarcadero at Folsom,Grant Avenue at Columbus Avenue,51
South Van Ness at Market,San Francisco City Hall,51
Grant Avenue at Columbus Avenue,Embarcadero at Bryant,51
Market at Sansome,Howard at 2nd,51
Beale at Market,Market at 10th,51
Clay at Battery,Yerba Buena Center of the Arts (3rd @ Howard),51
Embarcadero at Vallejo,Embarcadero at Folsom,51
Post at Kearney,Powell at Post (Union Square),51
2nd at South Park,Mechanics Plaza (Market at Battery),51
Powell at Post (Union Square),Yerba Buena Center of the Arts (3rd @ Howard),51
Market at Sansome,Washington at Kearney,51
Commercial at Montgomery,South Van Ness at Market,51
Golden Gate at Polk,Beale at Market,51
Spear at Folsom,Washington at Kearney,50
Townsend at 7th,2nd at Folsom,50
Evelyn Park and Ride,Evelyn Park and Ride,50
Golden Gate at Polk,Market at 10th,50
Post at Kearney,Civic Center BART (7th at Market),50
Steuart at Market,Post at Kearney,50
Embarcadero at Vallejo,Civic Center BART (7th at Market),50
Howard at 2nd,Embarcadero at Vallejo,50
5th at Howard,Howard at 2nd,50
Embarcadero at Folsom,Market at Sansome,50
2nd at South Park,Grant Avenue at Columbus Avenue,50
Commercial at Montgomery,2nd at Folsom,50
Franklin at Maple,Redwood City Caltrain Station,50
5th at Howard,Post at Kearney,50
2nd at Folsom,Powell at Post (Union Square),50
Powell Street BART,Washington at Kearney,50
Yerba Buena Center of the Arts (3rd @ Howard),Civic Center BART (7th at Market),50
Golden Gate at Polk,5th at Howard,49
Japantown,MLK Library,49
San Francisco City Hall,San Francisco Caltrain 2 (330 Townsend),49
Mechanics Plaza (Market at Battery),Yerba Buena Center of the Arts (3rd @ Howard),49
Powell Street BART,Beale at Market,49
Market at Sansome,San Francisco City Hall,49
Howard at 2nd,Market at 10th,49
Grant Avenue at Columbus Avenue,Townsend at 7th,49
South Van Ness at Market,Yerba Buena Center of the Arts (3rd @ Howard),49
Washington at Kearney,Steuart at Market,48
Steuart at Market,South Van Ness at Market,48
Embarcadero at Vallejo,Davis at Jackson,48
2nd at Folsom,Beale at Market,48
Powell at Post (Union Square),South Van Ness at Market,48
Paseo de San Antonio,San Pedro Square,48
Civic Center BART (7th at Market),Post at Kearney,48
Golden Gate at Polk,Embarcadero at Sansome,48
San Pedro Square,MLK Library,48
Yerba Buena Center of the Arts (3rd @ Howard),Embarcadero at Bryant,48
Japantown,Santa Clara at Almaden,48
Howard at 2nd,Civic Center BART (7th at Market),48
San Antonio Caltrain Station,San Antonio Shopping Center,48
Powell Street BART,Mechanics Plaza (Market at Battery),48
Rengstorff Avenue / California Street,San Antonio Caltrain Station,48
Howard at 2nd,Commercial at Montgomery,47
Davis at Jackson,Embarcadero at Bryant,47
2nd at Folsom,Commercial at Montgomery,47
Cowper at University,Cowper at University,47
Davis at Jackson,Embarcadero at Vallejo,46
Embarcadero at Folsom,Commercial at Montgomery,46
San Francisco City Hall,Harry Bridges Plaza (Ferry Building),46
Embarcadero at Bryant,Beale at Market,46
Washington at Kearney,Market at 4th,46
Embarcadero at Folsom,Powell Street BART,46
University and Emerson,California Ave Caltrain Station,46
Powell at Post (Union Square),Embarcadero at Vallejo,46
San Francisco Caltrain 2 (330 Townsend),Powell at Post (Union Square),46
Civic Center BART (7th at Market),San Francisco Caltrain 2 (330 Townsend),46
MLK Library,Paseo de San Antonio,46
Steuart at Market,Clay at Battery,46
Mechanics Plaza (Market at Battery),Market at Sansome,46
University and Emerson,Cowper at University,46
Beale at Market,Powell at Post (Union Square),46
Harry Bridges Plaza (Ferry Building),Market at 10th,46
San Francisco Caltrain 2 (330 Townsend),Washington at Kearney,46
Park at Olive,University and Emerson,45
Grant Avenue at Columbus Avenue,Embarcadero at Vallejo,45
Washington at Kearney,Grant Avenue at Columbus Avenue,45
Post at Kearney,Market at 4th,45
Market at 10th,Commercial at Montgomery,45
2nd at South Park,Clay at Battery,45
Yerba Buena Center of the Arts (3rd @ Howard),Powell Street BART,45
South Van Ness at Market,Beale at Market,45
2nd at Townsend,Market at 10th,44
Townsend at 7th,Steuart at Market,44
Market at 4th,Powell at Post (Union Square),44
Townsend at 7th,Embarcadero at Vallejo,44
2nd at Townsend,Davis at Jackson,44
South Van Ness at Market,Powell at Post (Union Square),44
Washington at Kearney,Embarcadero at Bryant,44
San Francisco Caltrain 2 (330 Townsend),Clay at Battery,43
Clay at Battery,Embarcadero at Vallejo,43
Mechanics Plaza (Market at Battery),Embarcadero at Vallejo,43
University and Emerson,Park at Olive,43
San Salvador at 1st,SJSU 4th at San Carlos,43
Davis at Jackson,Post at Kearney,43
Powell Street BART,Spear at Folsom,43
Grant Avenue at Columbus Avenue,Washington at Kearney,43
Townsend at 7th,Embarcadero at Folsom,43
Clay at Battery,Market at 10th,43
South Van Ness at Market,Embarcadero at Folsom,43
2nd at South Park,Embarcadero at Sansome,43
Park at Olive,Palo Alto Caltrain Station,43
San Salvador at 1st,San Jose City Hall,42
Spear at Folsom,Powell at Post (Union Square),42
Powell at Post (Union Square),2nd at Townsend,42
San Francisco Caltrain 2 (330 Townsend),Commercial at Montgomery,42
Steuart at Market,5th at Howard,42
Clay at Battery,Post at Kearney,42
Townsend at 7th,Yerba Buena Center of the Arts (3rd @ Howard),42
Washington at Kearney,Powell at Post (Union Square),42
Yerba Buena Center of the Arts (3rd @ Howard),Powell at Post (Union Square),42
Yerba Buena Center of the Arts (3rd @ Howard),Commercial at Montgomery,42
Clay at Battery,Davis at Jackson,42
Japantown,San Jose City Hall,42
SJSU - San Salvador at 9th,SJSU - San Salvador at 9th,42
Davis at Jackson,Steuart at Market,42
Beale at Market,Civic Center BART (7th at Market),42
San Salvador at 1st,Paseo de San Antonio,42
MLK Library,San Jose City Hall,42
Embarcadero at Folsom,5th at Howard,41
San Francisco Caltrain 2 (330 Townsend),Davis at Jackson,41
Washington at Kearney,San Francisco Caltrain (Townsend at 4th),41
2nd at Townsend,Powell Street BART,41
Embarcadero at Vallejo,San Francisco Caltrain 2 (330 Townsend),41
Post at Kearney,Davis at Jackson,41
Paseo de San Antonio,Paseo de San Antonio,41
Spear at Folsom,Civic Center BART (7th at Market),41
Mountain View Caltrain Station,San Antonio Caltrain Station,41
Redwood City Caltrain Station,Redwood City Caltrain Station,41
Mechanics Plaza (Market at Battery),2nd at South Park,41
Redwood City Caltrain Station,San Mateo County Center,41
Clay at Battery,Steuart at Market,41
Powell Street BART,2nd at South Park,40
San Pedro Square,St James Park,40
2nd at Townsend,Commercial at Montgomery,40
Clay at Battery,Townsend at 7th,40
Civic Center BART (7th at Market),Yerba Buena Center of the Arts (3rd @ Howard),40
Powell at Post (Union Square),Spear at Folsom,40
Rengstorff Avenue / California Street,Mountain View City Hall,40
Steuart at Market,2nd at Folsom,40
Washington at Kearney,Mechanics Plaza (Market at Battery),40
Post at Kearney,Clay at Battery,40
5th at Howard,Powell at Post (Union Square),40
Steuart at Market,Golden Gate at Polk,40
Beale at Market,Post at Kearney,40
Mechanics Plaza (Market at Battery),Post at Kearney,40
Market at 4th,Embarcadero at Folsom,39
Civic Center BART (7th at Market),Beale at Market,39
Powell at Post (Union Square),5th at Howard,39
Howard at 2nd,Beale at Market,39
Mechanics Plaza (Market at Battery),Clay at Battery,39
Clay at Battery,5th at Howard,38
Beale at Market,Market at Sansome,38
San Jose City Hall,Japantown,38
Market at 10th,Spear at Folsom,38
South Van Ness at Market,Grant Avenue at Columbus Avenue,38
San Francisco Caltrain 2 (330 Townsend),Embarcadero at Bryant,38
2nd at Folsom,Mechanics Plaza (Market at Battery),38
Clay at Battery,2nd at South Park,38
2nd at Townsend,5th at Howard,38
Embarcadero at Vallejo,Howard at 2nd,37
2nd at Folsom,Davis at Jackson,37
2nd at Folsom,Washington at Kearney,37
Embarcadero at Bryant,2nd at Folsom,37
South Van Ness at Market,Washington at Kearney,37
Market at 4th,Post at Kearney,37
San Francisco Caltrain 2 (330 Townsend),San Francisco Caltrain (Townsend at 4th),37
Washington at Kearney,Post at Kearney,37
Cowper at University,California Ave Caltrain Station,37
Embarcadero at Sansome,Market at 10th,37
San Francisco City Hall,Powell at Post (Union Square),37
Yerba Buena Center of the Arts (3rd @ Howard),2nd at Folsom,37
5th at Howard,Yerba Buena Center of the Arts (3rd @ Howard),37
Davis at Jackson,2nd at South Park,37
Market at Sansome,Golden Gate at Polk,37
5th at Howard,Clay at Battery,37
Yerba Buena Center of the Arts (3rd @ Howard),Post at Kearney,37
Powell Street BART,Powell at Post (Union Square),36
Temporary Transbay Terminal (Howard at Beale),Steuart at Market,36
Yerba Buena Center of the Arts (3rd @ Howard),Clay at Battery,36
Yerba Buena Center of the Arts (3rd @ Howard),Mechanics Plaza (Market at Battery),36
Beale at Market,South Van Ness at Market,36
San Salvador at 1st,SJSU - San Salvador at 9th,36
Embarcadero at Vallejo,South Van Ness at Market,36
Townsend at 7th,Howard at 2nd,36
Embarcadero at Bryant,Washington at Kearney,36
San Jose Diridon Caltrain Station,SJSU 4th at San Carlos,36
Market at 10th,Embarcadero at Sansome,36
Embarcadero at Vallejo,Market at Sansome,35
Beale at Market,Washington at Kearney,35
Embarcadero at Bryant,Grant Avenue at Columbus Avenue,35
San Salvador at 1st,San Pedro Square,35
Market at 10th,2nd at Folsom,35
Embarcadero at Sansome,2nd at Folsom,35
SJSU - San Salvador at 9th,San Salvador at 1st,35
San Jose City Hall,SJSU 4th at San Carlos,35
Post at Kearney,Beale at Market,35
SJSU 4th at San Carlos,SJSU 4th at San Carlos,35
2nd at South Park,Davis at Jackson,35
2nd at Folsom,Embarcadero at Folsom,35
Powell Street BART,Yerba Buena Center of the Arts (3rd @ Howard),35
San Jose City Hall,San Pedro Square,35
Embarcadero at Vallejo,Yerba Buena Center of the Arts (3rd @ Howard),34
Howard at 2nd,Embarcadero at Folsom,34
Howard at 2nd,Temporary Transbay Terminal (Howard at Beale),34
Powell at Post (Union Square),Commercial at Montgomery,34
Powell at Post (Union Square),Temporary Transbay Terminal (Howard at Beale),34
San Mateo County Center,Redwood City Caltrain Station,34
Powell Street BART,2nd at Townsend,34
Temporary Transbay Terminal (Howard at Beale),Powell at Post (Union Square),34
MLK Library,San Salvador at 1st,34
Santa Clara at Almaden,Santa Clara at Almaden,34
South Van Ness at Market,Clay at Battery,34
Yerba Buena Center of the Arts (3rd @ Howard),Beale at Market,34
Commercial at Montgomery,San Francisco Caltrain 2 (330 Townsend),34
Embarcadero at Bryant,Market at 4th,34
Commercial at Montgomery,Clay at Battery,34
Market at 10th,Golden Gate at Polk,34
Spear at Folsom,South Van Ness at Market,34
San Francisco Caltrain 2 (330 Townsend),Embarcadero at Vallejo,34
Paseo de San Antonio,San Jose City Hall,34
SJSU 4th at San Carlos,San Salvador at 1st,34
Washington at Kearney,Howard at 2nd,33
San Antonio Caltrain Station,San Antonio Caltrain Station,33
Market at Sansome,Mechanics Plaza (Market at Battery),33
Townsend at 7th,San Francisco City Hall,33
Howard at 2nd,Davis at Jackson,33
San Pedro Square,Arena Green / SAP Center,33
Mechanics Plaza (Market at Battery),Townsend at 7th,33
San Pedro Square,San Jose Civic Center,33
Commercial at Montgomery,Steuart at Market,33
Post at Kearney,Yerba Buena Center of the Arts (3rd @ Howard),33
2nd at South Park,San Francisco City Hall,33
Steuart at Market,Washington at Kearney,33
Mountain View City Hall,Rengstorff Avenue / California Street,33
MLK Library,San Pedro Square,33
Embarcadero at Folsom,Powell at Post (Union Square),32
San Pedro Square,San Jose City Hall,32
Powell Street BART,Davis at Jackson,32
Post at Kearney,Embarcadero at Folsom,32
Spear at Folsom,Market at 10th,32
2nd at South Park,Commercial at Montgomery,32
Embarcadero at Vallejo,Clay at Battery,32
Grant Avenue at Columbus Avenue,5th at Howard,32
Golden Gate at Polk,Harry Bridges Plaza (Ferry Building),32
Golden Gate at Polk,Powell at Post (Union Square),32
Embarcadero at Bryant,5th at Howard,31
Beale at Market,2nd at Folsom,31
South Van Ness at Market,2nd at Folsom,31
Market at 10th,Embarcadero at Vallejo,31
Powell at Post (Union Square),San Francisco City Hall,31
Clay at Battery,South Van Ness at Market,31
Commercial at Montgomery,Washington at Kearney,31
Park at Olive,Park at Olive,31
Adobe on Almaden,Adobe on Almaden,31
2nd at South Park,Civic Center BART (7th at Market),31
Yerba Buena Center of the Arts (3rd @ Howard),Embarcadero at Vallejo,31
Paseo de San Antonio,St James Park,31
San Francisco City Hall,Civic Center BART (7th at Market),31
Mechanics Plaza (Market at Battery),San Francisco City Hall,31
Market at 4th,Yerba Buena Center of the Arts (3rd @ Howard),31
Santa Clara at Almaden,Paseo de San Antonio,31
Yerba Buena Center of the Arts (3rd @ Howard),Golden Gate at Polk,30
SJSU 4th at San Carlos,MLK Library,30
Post at Kearney,Embarcadero at Vallejo,30
Howard at 2nd,Golden Gate at Polk,30
Beale at Market,Clay at Battery,30
San Pedro Square,SJSU - San Salvador at 9th,30
Commercial at Montgomery,2nd at Townsend,30
5th at Howard,Washington at Kearney,30
Broadway St at Battery St,Spear at Folsom,30
Yerba Buena Center of the Arts (3rd @ Howard),Washington at Kearney,30
San Francisco City Hall,Embarcadero at Sansome,30
5th at Howard,Grant Avenue at Columbus Avenue,29
California Ave Caltrain Station,San Antonio Caltrain Station,29
5th at Howard,Golden Gate at Polk,29
Washington at Kearney,Embarcadero at Vallejo,29
Beale at Market,Golden Gate at Polk,29
Davis at Jackson,Clay at Battery,29
Embarcadero at Bryant,Post at Kearney,29
Civic Center BART (7th at Market),Mechanics Plaza (Market at Battery),29
Embarcadero at Bryant,Civic Center BART (7th at Market),29
5th at Howard,Beale at Market,29
Commercial at Montgomery,Civic Center BART (7th at Market),29
San Francisco Caltrain (Townsend at 4th),Washington at Kearney,29
Mechanics Plaza (Market at Battery),Golden Gate at Polk,28
San Francisco Caltrain (Townsend at 4th),Broadway St at Battery St,28
2nd at Townsend,Grant Avenue at Columbus Avenue,28
Embarcadero at Vallejo,Townsend at 7th,28
Commercial at Montgomery,Market at 10th,28
5th at Howard,Embarcadero at Folsom,28
St James Park,Japantown,28
South Van Ness at Market,Embarcadero at Vallejo,28
Washington at Kearney,Yerba Buena Center of the Arts (3rd @ Howard),28
Golden Gate at Polk,Mechanics Plaza (Market at Battery),28
Davis at Jackson,Golden Gate at Polk,27
MLK Library,SJSU 4th at San Carlos,27
2nd at Townsend,Washington at Kearney,27
Beale at Market,Yerba Buena Center of the Arts (3rd @ Howard),27
Paseo de San Antonio,Santa Clara at Almaden,27
Post at Kearney,Mechanics Plaza (Market at Battery),27
California Ave Caltrain Station,Park at Olive,27
Civic Center BART (7th at Market),Washington at Kearney,27
Mechanics Plaza (Market at Battery),Howard at 2nd,27
Golden Gate at Polk,2nd at South Park,27
Beale at Market,5th at Howard,27
San Francisco City Hall,Beale at Market,27
Post at Kearney,Embarcadero at Bryant,27
Powell Street BART,Embarcadero at Folsom,27
San Francisco Caltrain (Townsend at 4th),San Francisco Caltrain 2 (330 Townsend),26
San Francisco City Hall,Steuart at Market,26
Townsend at 7th,Embarcadero at Sansome,26
San Francisco City Hall,2nd at South Park,26
2nd at South Park,Embarcadero at Bryant,26
Beale at Market,Steuart at Market,26
San Pedro Square,San Salvador at 1st,26
San Jose Civic Center,San Pedro Square,26
Civic Center BART (7th at Market),2nd at Townsend,26
Embarcadero at Folsom,Post at Kearney,26
Golden Gate at Polk,Commercial at Montgomery,26
Howard at 2nd,2nd at Folsom,26
Spear at Folsom,Broadway St at Battery St,26
Clay at Battery,Commercial at Montgomery,25
Market at 10th,Davis at Jackson,25
SJSU 4th at San Carlos,San Jose City Hall,25
Embarcadero at Sansome,2nd at South Park,25
Palo Alto Caltrain Station,University and Emerson,25
Embarcadero at Vallejo,Market at 10th,25
Civic Center BART (7th at Market),Grant Avenue at Columbus Avenue,25
Clay at Battery,Washington at Kearney,25
San Jose City Hall,SJSU - San Salvador at 9th,25
Market at 10th,Clay at Battery,25
Howard at 2nd,Washington at Kearney,25
Japantown,San Salvador at 1st,25
San Jose City Hall,Adobe on Almaden,25
Post at Kearney,Market at Sansome,25
Steuart at Market,Harry Bridges Plaza (Ferry Building),25
5th at Howard,2nd at Townsend,24
San Francisco Caltrain 2 (330 Townsend),San Francisco City Hall,24
Embarcadero at Bryant,Powell Street BART,24
Broadway St at Battery St,Mechanics Plaza (Market at Battery),24
Washington at Kearney,2nd at South Park,24
San Jose City Hall,San Jose Civic Center,24
Civic Center BART (7th at Market),Commercial at Montgomery,24
Washington at Kearney,Davis at Jackson,24
Civic Center BART (7th at Market),Embarcadero at Bryant,24
SJSU - San Salvador at 9th,San Jose City Hall,24
2nd at Folsom,Market at 10th,24
Adobe on Almaden,San Jose Civic Center,24
Golden Gate at Polk,San Francisco City Hall,24
San Francisco City Hall,Grant Avenue at Columbus Avenue,24
Beale at Market,San Francisco City Hall,24
SJSU - San Salvador at 9th,San Pedro Square,23
San Antonio Shopping Center,Mountain View Caltrain Station,23
Embarcadero at Bryant,2nd at South Park,23
Washington at Kearney,Spear at Folsom,23
Steuart at Market,Commercial at Montgomery,23
Mountain View Caltrain Station,San Antonio Shopping Center,23
San Jose Civic Center,MLK Library,23
SJSU 4th at San Carlos,Paseo de San Antonio,23
Temporary Transbay Terminal (Howard at Beale),Embarcadero at Folsom,23
Spear at Folsom,Embarcadero at Folsom,23
SJSU 4th at San Carlos,St James Park,23
Paseo de San Antonio,SJSU 4th at San Carlos,23
Franklin at Maple,Franklin at Maple,23
Embarcadero at Folsom,South Van Ness at Market,23
St James Park,St James Park,22
Castro Street and El Camino Real,Castro Street and El Camino Real,22
2nd at Folsom,South Van Ness at Market,22
Broadway St at Battery St,San Francisco Caltrain (Townsend at 4th),22
Embarcadero at Vallejo,5th at Howard,22
Embarcadero at Sansome,Townsend at 7th,22
Golden Gate at Polk,2nd at Townsend,22
Yerba Buena Center of the Arts (3rd @ Howard),Market at 4th,22
Park at Olive,California Ave Caltrain Station,22
Harry Bridges Plaza (Ferry Building),Steuart at Market,22
San Mateo County Center,Redwood City Medical Center,22
Steuart at Market,San Francisco City Hall,21
Adobe on Almaden,MLK Library,21
San Salvador at 1st,San Jose Civic Center,21
Grant Avenue at Columbus Avenue,Golden Gate at Polk,21
Civic Center BART (7th at Market),Spear at Folsom,21
MLK Library,San Jose Civic Center,21
San Antonio Caltrain Station,Mountain View Caltrain Station,21
Paseo de San Antonio,San Jose Civic Center,21
Harry Bridges Plaza (Ferry Building),Golden Gate at Polk,21
Powell at Post (Union Square),Embarcadero at Bryant,21
Redwood City Medical Center,San Mateo County Center,21
2nd at Townsend,Civic Center BART (7th at Market),21
Clay at Battery,Golden Gate at Polk,21
Howard at 2nd,Mechanics Plaza (Market at Battery),21
San Francisco City Hall,Golden Gate at Polk,21
SJSU 4th at San Carlos,San Pedro Square,21
SJSU 4th at San Carlos,San Jose Diridon Caltrain Station,20
Davis at Jackson,Washington at Kearney,20
Santa Clara at Almaden,San Jose Civic Center,20
St James Park,SJSU 4th at San Carlos,20
South Van Ness at Market,Davis at Jackson,20
California Ave Caltrain Station,Cowper at University,20
Yerba Buena Center of the Arts (3rd @ Howard),Howard at 2nd,20
San Mateo County Center,San Mateo County Center,20
Japantown,St James Park,20
2nd at Folsom,Embarcadero at Vallejo,20
SJSU 4th at San Carlos,Japantown,20
Yerba Buena Center of the Arts (3rd @ Howard),San Francisco City Hall,20
Japantown,San Jose Diridon Caltrain Station,20
Santa Clara at Almaden,San Pedro Square,20
Embarcadero at Folsom,Clay at Battery,20
5th at Howard,Embarcadero at Bryant,19
San Francisco City Hall,Market at 10th,19
Davis at Jackson,Townsend at 7th,19
St James Park,Paseo de San Antonio,19
Townsend at 7th,Clay at Battery,19
5th at Howard,Embarcadero at Vallejo,19
Golden Gate at Polk,Howard at 2nd,19
Powell at Post (Union Square),Embarcadero at Folsom,19
Washington at Kearney,5th at Howard,19
Powell Street BART,Embarcadero at Bryant,19
Golden Gate at Polk,San Francisco Caltrain 2 (330 Townsend),19
Park at Olive,San Antonio Caltrain Station,19
Embarcadero at Bryant,Powell at Post (Union Square),19
Mechanics Plaza (Market at Battery),2nd at Folsom,19
San Pedro Square,Santa Clara at Almaden,19
2nd at South Park,Golden Gate at Polk,19
Arena Green / SAP Center,Paseo de San Antonio,19
Embarcadero at Vallejo,Golden Gate at Polk,18
MLK Library,St James Park,18
Market at Sansome,Broadway St at Battery St,18
Washington at Kearney,Civic Center BART (7th at Market),18
Embarcadero at Folsom,Beale at Market,18
San Jose Civic Center,San Jose City Hall,18
Embarcadero at Vallejo,Commercial at Montgomery,18
Davis at Jackson,South Van Ness at Market,18
San Jose Civic Center,San Salvador at 1st,18
Davis at Jackson,Market at 10th,18
Japantown,SJSU 4th at San Carlos,18
Washington at Kearney,Townsend at 7th,18
San Pedro Square,SJSU 4th at San Carlos,18
San Francisco Caltrain 2 (330 Townsend),Grant Avenue at Columbus Avenue,18
San Francisco City Hall,5th at Howard,18
Broadway St at Battery St,Steuart at Market,17
San Jose Diridon Caltrain Station,Arena Green / SAP Center,17
Japantown,San Jose Civic Center,17
San Francisco City Hall,Spear at Folsom,17
San Francisco City Hall,Commercial at Montgomery,17
Clay at Battery,San Francisco City Hall,17
St James Park,San Jose City Hall,17
Townsend at 7th,Washington at Kearney,17
Paseo de San Antonio,Adobe on Almaden,17
Washington at Kearney,Clay at Battery,17
Mechanics Plaza (Market at Battery),Beale at Market,17
San Jose Civic Center,SJSU - San Salvador at 9th,17
Civic Center BART (7th at Market),Howard at 2nd,17
Embarcadero at Folsom,Temporary Transbay Terminal (Howard at Beale),17
San Mateo County Center,Broadway at Main,17
Adobe on Almaden,Paseo de San Antonio,16
Washington at Kearney,South Van Ness at Market,16
Beale at Market,Mechanics Plaza (Market at Battery),16
San Antonio Caltrain Station,California Ave Caltrain Station,16
Embarcadero at Vallejo,Washington at Kearney,16
Grant Avenue at Columbus Avenue,San Francisco City Hall,16
San Francisco City Hall,2nd at Townsend,16
Mountain View City Hall,San Antonio Caltrain Station,16
San Francisco City Hall,Mechanics Plaza (Market at Battery),16
San Jose Civic Center,Adobe on Almaden,16
Washington at Kearney,2nd at Townsend,16
Golden Gate at Polk,Grant Avenue at Columbus Avenue,16
Embarcadero at Vallejo,San Francisco City Hall,16
Embarcadero at Sansome,San Francisco City Hall,15
St James Park,San Salvador at 1st,15
Japantown,Arena Green / SAP Center,15
Spear at Folsom,Golden Gate at Polk,15
5th at Howard,San Francisco City Hall,15
San Jose City Hall,St James Park,15
San Jose Civic Center,Arena Green / SAP Center,15
Townsend at 7th,Grant Avenue at Columbus Avenue,15
San Francisco City Hall,Yerba Buena Center of the Arts (3rd @ Howard),15
Townsend at 7th,Mechanics Plaza (Market at Battery),15
Washington at Kearney,San Francisco City Hall,15
San Antonio Caltrain Station,Mountain View City Hall,15
Davis at Jackson,5th at Howard,15
Market at Sansome,Post at Kearney,15
San Jose Civic Center,Santa Clara at Almaden,15
Washington at Kearney,Golden Gate at Polk,14
Redwood City Public Library,Redwood City Public Library,14
San Salvador at 1st,Japantown,14
Park at Olive,Cowper at University,14
Davis at Jackson,2nd at Folsom,14
MLK Library,Santa Clara at Almaden,14
Civic Center BART (7th at Market),Davis at Jackson,14
Embarcadero at Folsom,Civic Center BART (7th at Market),14
San Jose City Hall,Santa Clara at Almaden,14
Embarcadero at Vallejo,2nd at Folsom,14
Market at 10th,San Francisco City Hall,14
2nd at Folsom,San Francisco City Hall,14
Townsend at 7th,Davis at Jackson,14
Embarcadero at Folsom,2nd at Folsom,13
Davis at Jackson,San Francisco City Hall,13
Golden Gate at Polk,Clay at Battery,13
Steuart at Market,Broadway St at Battery St,13
Washington at Kearney,Commercial at Montgomery,13
Golden Gate at Polk,Davis at Jackson,13
Adobe on Almaden,San Pedro Square,13
Commercial at Montgomery,Townsend at 7th,13
Cowper at University,Park at Olive,13
University and Emerson,Palo Alto Caltrain Station,13
Market at 10th,Embarcadero at Folsom,13
Market at 10th,Embarcadero at Bryant,13
Mechanics Plaza (Market at Battery),Broadway St at Battery St,13
2nd at Townsend,San Francisco City Hall,13
Broadway at Main,San Mateo County Center,13
Broadway at Main,Broadway at Main,13
Commercial at Montgomery,Golden Gate at Polk,13
St James Park,MLK Library,13
Davis at Jackson,Civic Center BART (7th at Market),13
Yerba Buena Center of the Arts (3rd @ Howard),Davis at Jackson,13
Golden Gate at Polk,Embarcadero at Folsom,13
Commercial at Montgomery,San Francisco City Hall,12
St James Park,San Jose Civic Center,12
San Salvador at 1st,Arena Green / SAP Center,12
Palo Alto Caltrain Station,San Antonio Caltrain Station,12
Mountain View City Hall,Evelyn Park and Ride,12
South Van Ness at Market,Embarcadero at Bryant,12
San Jose Civic Center,Paseo de San Antonio,12
Powell at Post (Union Square),Broadway St at Battery St,12
Evelyn Park and Ride,Mountain View City Hall,12
5th at Howard,Davis at Jackson,12
Paseo de San Antonio,Arena Green / SAP Center,12
Japantown,SJSU - San Salvador at 9th,12
MLK Library,Adobe on Almaden,12
San Salvador at 1st,Santa Clara at Almaden,12
SJSU - San Salvador at 9th,San Jose Civic Center,11
Redwood City Caltrain Station,Palo Alto Caltrain Station,11
Santa Clara at Almaden,San Salvador at 1st,11
SJSU - San Salvador at 9th,Japantown,11
Steuart at Market,Beale at Market,11
Washington at Kearney,2nd at Folsom,11
Japantown,San Jose Government Center,11
Arena Green / SAP Center,Japantown,11
SJSU - San Salvador at 9th,Arena Green / SAP Center,11
2nd at Townsend,Golden Gate at Polk,11
Golden Gate at Polk,Spear at Folsom,11
Santa Clara at Almaden,Adobe on Almaden,10
Spear at Folsom,San Francisco City Hall,10
Embarcadero at Vallejo,Post at Kearney,10
Castro Street and El Camino Real,Mountain View City Hall,10
San Francisco City Hall,Embarcadero at Vallejo,10
Broadway St at Battery St,Market at Sansome,10
Broadway St at Battery St,Clay at Battery,10
San Antonio Caltrain Station,Park at Olive,10
Adobe on Almaden,San Jose City Hall,10
Commercial at Montgomery,Embarcadero at Vallejo,10
Franklin at Maple,Broadway at Main,10
Santa Clara at Almaden,SJSU - San Salvador at 9th,10
Broadway St at Battery St,2nd at South Park,9
SJSU - San Salvador at 9th,St James Park,9
Arena Green / SAP Center,Adobe on Almaden,9
Embarcadero at Bryant,South Van Ness at Market,9
Redwood City Public Library,San Mateo County Center,9
Broadway St at Battery St,Market at 4th,9
Embarcadero at Bryant,Market at 10th,9
Davis at Jackson,Yerba Buena Center of the Arts (3rd @ Howard),9
San Jose Civic Center,Japantown,9
Broadway St at Battery St,Embarcadero at Sansome,9
Embarcadero at Folsom,Spear at Folsom,9
Arena Green / SAP Center,San Jose Diridon Caltrain Station,9
San Jose Government Center,Japantown,9
Redwood City Public Library,Redwood City Caltrain Station,9
2nd at Folsom,Broadway St at Battery St,9
San Francisco City Hall,Washington at Kearney,9
Townsend at 7th,Commercial at Montgomery,8
St James Park,Adobe on Almaden,8
Arena Green / SAP Center,SJSU - San Salvador at 9th,8
Arena Green / SAP Center,San Salvador at 1st,8
SJSU 4th at San Carlos,Adobe on Almaden,8
Harry Bridges Plaza (Ferry Building),Broadway St at Battery St,8
Embarcadero at Folsom,Market at 10th,8
Adobe on Almaden,Arena Green / SAP Center,8
Embarcadero at Folsom,Golden Gate at Polk,8
San Francisco City Hall,Davis at Jackson,8
Golden Gate at Polk,Washington at Kearney,8
MLK Library,Arena Green / SAP Center,8
Howard at 2nd,San Francisco City Hall,8
San Mateo County Center,Redwood City Public Library,8
Embarcadero at Sansome,Broadway St at Battery St,8
University and Emerson,San Antonio Caltrain Station,8
San Jose Civic Center,St James Park,8
SJSU - San Salvador at 9th,Santa Clara at Almaden,8
Franklin at Maple,Redwood City Public Library,8
Santa Clara at Almaden,San Jose City Hall,8
Japantown,Adobe on Almaden,7
St James Park,SJSU - San Salvador at 9th,7
San Salvador at 1st,St James Park,7
Civic Center BART (7th at Market),Embarcadero at Folsom,7
Redwood City Caltrain Station,Broadway at Main,7
San Francisco City Hall,2nd at Folsom,7
Adobe on Almaden,Santa Clara at Almaden,7
Broadway St at Battery St,Civic Center BART (7th at Market),7
Santa Clara at Almaden,MLK Library,7
Broadway St at Battery St,Beale at Market,7
Arena Green / SAP Center,San Jose Civic Center,7
Redwood City Public Library,Franklin at Maple,7
SJSU 4th at San Carlos,San Jose Civic Center,7
Santa Clara at Almaden,Japantown,7
Broadway St at Battery St,Powell at Post (Union Square),7
Temporary Transbay Terminal (Howard at Beale),San Francisco City Hall,7
Mountain View Caltrain Station,Palo Alto Caltrain Station,6
Redwood City Medical Center,Redwood City Public Library,6
San Antonio Shopping Center,San Antonio Shopping Center,6
Broadway St at Battery St,Broadway St at Battery St,6
Arena Green / SAP Center,San Jose City Hall,6
Adobe on Almaden,Japantown,6
Broadway at Main,Franklin at Maple,6
Embarcadero at Bryant,San Francisco City Hall,6
2nd at Folsom,Golden Gate at Polk,6
Beale at Market,Broadway St at Battery St,6
Park at Olive,Mountain View City Hall,6
Adobe on Almaden,St James Park,6
Rengstorff Avenue / California Street,California Ave Caltrain Station,6
Mountain View City Hall,Park at Olive,6
Adobe on Almaden,SJSU 4th at San Carlos,6
Arena Green / SAP Center,SJSU 4th at San Carlos,6
San Antonio Shopping Center,Mountain View City Hall,6
Redwood City Medical Center,Broadway at Main,6
San Francisco City Hall,Howard at 2nd,6
San Antonio Shopping Center,California Ave Caltrain Station,5
Broadway St at Battery St,2nd at Townsend,5
Broadway at Main,Redwood City Caltrain Station,5
Rengstorff Avenue / California Street,University and Emerson,5
St James Park,Santa Clara at Almaden,5
Santa Clara at Almaden,St James Park,5
Clay at Battery,Broadway St at Battery St,5
Arena Green / SAP Center,St James Park,5
Grant Avenue at Columbus Avenue,Broadway St at Battery St,5
Embarcadero at Vallejo,Broadway St at Battery St,5
San Pedro Square,Adobe on Almaden,5
San Antonio Caltrain Station,University and Emerson,5
Redwood City Medical Center,Redwood City Medical Center,5
Powell Street BART,Broadway St at Battery St,5
San Jose Civic Center,SJSU 4th at San Carlos,5
Broadway at Main,Redwood City Medical Center,5
San Francisco City Hall,Clay at Battery,5
San Francisco City Hall,Temporary Transbay Terminal (Howard at Beale),4
Castro Street and El Camino Real,San Antonio Shopping Center,4
Adobe on Almaden,San Salvador at 1st,4
Arena Green / SAP Center,San Jose Government Center,4
Mountain View Caltrain Station,Park at Olive,4
Cowper at University,San Antonio Caltrain Station,4
Embarcadero at Bryant,Golden Gate at Polk,4
Golden Gate at Polk,2nd at Folsom,4
San Francisco City Hall,Embarcadero at Bryant,4
Mountain View City Hall,San Antonio Shopping Center,4
St James Park,Arena Green / SAP Center,4
Broadway St at Battery St,Embarcadero at Bryant,4
San Salvador at 1st,Adobe on Almaden,4
San Antonio Caltrain Station,Palo Alto Caltrain Station,4
Embarcadero at Folsom,Broadway St at Battery St,4
Civic Center BART (7th at Market),Broadway St at Battery St,4
San Francisco Caltrain 2 (330 Townsend),Broadway St at Battery St,4
San Antonio Caltrain Station,Evelyn Park and Ride,4
California Ave Caltrain Station,Rengstorff Avenue / California Street,4
Washington at Kearney,Broadway St at Battery St,4
Rengstorff Avenue / California Street,Park at Olive,4
Embarcadero at Bryant,Broadway St at Battery St,4
California Ave Caltrain Station,Mountain View Caltrain Station,3
Broadway St at Battery St,Market at 10th,3
Broadway St at Battery St,Harry Bridges Plaza (Ferry Building),3
San Jose Government Center,St James Park,3
San Jose Government Center,San Pedro Square,3
Mountain View City Hall,Castro Street and El Camino Real,3
Embarcadero at Folsom,San Francisco City Hall,3
San Jose Government Center,San Jose City Hall,3
San Antonio Shopping Center,Castro Street and El Camino Real,3
Post at Kearney,Broadway St at Battery St,3
Broadway at Main,Redwood City Public Library,3
Broadway St at Battery St,Embarcadero at Folsom,3
Park at Olive,Mountain View Caltrain Station,3
University and Emerson,San Antonio Shopping Center,3
Davis at Jackson,Broadway St at Battery St,3
SJSU - San Salvador at 9th,Adobe on Almaden,3
Redwood City Caltrain Station,Mezes Park,3
Cowper at University,Broadway at Main,3
Park at Olive,Rengstorff Avenue / California Street,3
Park at Olive,San Antonio Shopping Center,3
San Antonio Shopping Center,University and Emerson,2
San Jose City Hall,Arena Green / SAP Center,2
2nd at Townsend,Broadway St at Battery St,2
San Antonio Caltrain Station,Cowper at University,2
Adobe on Almaden,SJSU - San Salvador at 9th,2
Palo Alto Caltrain Station,Redwood City Caltrain Station,2
Palo Alto Caltrain Station,Redwood City Public Library,2
SJSU 4th at San Carlos,Arena Green / SAP Center,2
Cowper at University,Mountain View Caltrain Station,2
San Pedro Square,San Jose Government Center,2
Mezes Park,Redwood City Medical Center,2
Palo Alto Caltrain Station,Mountain View Caltrain Station,2
Broadway St at Battery St,Powell Street BART,2
Howard at 2nd,Broadway St at Battery St,2
Broadway St at Battery St,Commercial at Montgomery,2
San Jose Government Center,SJSU - San Salvador at 9th,2
Mountain View Caltrain Station,Cowper at University,2
Franklin at Maple,Palo Alto Caltrain Station,2
San Antonio Shopping Center,Park at Olive,2
Market at 4th,Broadway St at Battery St,2
Paseo de San Antonio,San Jose Government Center,2
Franklin at Maple,University and Emerson,2
Franklin at Maple,Mezes Park,2
Broadway St at Battery St,South Van Ness at Market,2
Arena Green / SAP Center,MLK Library,2
Yerba Buena Center of the Arts (3rd @ Howard),Broadway St at Battery St,2
University and Emerson,Rengstorff Avenue / California Street,2
University and Emerson,Mountain View Caltrain Station,2
Evelyn Park and Ride,San Antonio Caltrain Station,2
San Francisco Caltrain 2 (330 Townsend),University and Emerson,2
Golden Gate at Polk,Embarcadero at Bryant,2
Redwood City Public Library,Redwood City Medical Center,2
Redwood City Public Library,Cowper at University,2
San Jose Government Center,Paseo de San Antonio,1
Broadway St at Battery St,Townsend at 7th,1
Broadway St at Battery St,Post at Kearney,1
Market at 4th,Paseo de San Antonio,1
Mountain View Caltrain Station,University and Emerson,1
Rengstorff Avenue / California Street,San Antonio Shopping Center,1
Broadway St at Battery St,Grant Avenue at Columbus Avenue,1
San Francisco Caltrain (Townsend at 4th),San Jose Diridon Caltrain Station,1
Embarcadero at Bryant,San Mateo County Center,1
SJSU - San Salvador at 9th,San Jose Government Center,1
San Jose City Hall,San Jose Government Center,1
2nd at South Park,Broadway St at Battery St,1
Castro Street and El Camino Real,Rengstorff Avenue / California Street,1
Broadway St at Battery St,Temporary Transbay Terminal (Howard at Beale),1
Cowper at University,Redwood City Public Library,1
Franklin at Maple,Redwood City Medical Center,1
San Jose Government Center,Arena Green / SAP Center,1
Broadway St at Battery St,Embarcadero at Vallejo,1
Redwood City Medical Center,Franklin at Maple,1
Palo Alto Caltrain Station,Rengstorff Avenue / California Street,1
San Francisco City Hall,Embarcadero at Folsom,1
Commercial at Montgomery,Broadway St at Battery St,1
Redwood City Public Library,Castro Street and El Camino Real,1
2nd at Townsend,Redwood City Caltrain Station,1
San Antonio Caltrain Station,Redwood City Caltrain Station,1
San Jose Civic Center,Civic Center BART (7th at Market),1
Broadway St at Battery St,Yerba Buena Center of the Arts (3rd @ Howard),1
Powell Street BART,University and Emerson,1
San Francisco City Hall,San Jose City Hall,1
MLK Library,San Jose Government Center,1
California Ave Caltrain Station,San Antonio Shopping Center,1
Mountain View City Hall,University and Emerson,1
San Antonio Shopping Center,Civic Center BART (7th at Market),1
Redwood City Caltrain Station,Cowper at University,1
Mountain View Caltrain Station,San Jose Diridon Caltrain Station,1
Redwood City Caltrain Station,Civic Center BART (7th at Market),1
Temporary Transbay Terminal (Howard at Beale),Broadway St at Battery St,1
Mountain View Caltrain Station,St James Park,1
University and Emerson,Mountain View City Hall,1
Franklin at Maple,San Mateo County Center,1
Broadway St at Battery St,San Francisco Caltrain 2 (330 Townsend),1
SJSU 4th at San Carlos,San Jose Government Center,1
Mountain View Caltrain Station,California Ave Caltrain Station,1
Paseo de San Antonio,Market at 4th,1
Mezes Park,Redwood City Caltrain Station,1
San Jose Diridon Caltrain Station,Rengstorff Avenue / California Street,1
Broadway St at Battery St,Davis at Jackson,1
Mountain View City Hall,Palo Alto Caltrain Station,1
Start Station,End Station,1
Redwood City Caltrain Station,San Antonio Caltrain Station,1
Broadway St at Battery St,2nd at Folsom,1
5th at Howard,Broadway St at Battery St,1
University and Emerson,Redwood City Caltrain Station,1
California Ave Caltrain Station,Market at Sansome,1
Adobe on Almaden,Rengstorff Avenue / California Street,1
San Antonio Shopping Center,Rengstorff Avenue / California Street,1
San Jose Government Center,Adobe on Almaden,1
Broadway St at Battery St,Washington at Kearney,1
Redwood City Medical Center,SJSU - San Salvador at 9th,1
